<DATE>	<OPEN>	<HIGH>	<LOW>	<CLOSE>	<TICKVOL>	<VOL>	<SPREAD>
2020.01.02	8767.13	8882.58	8766.38	8881.80	38483	0	200
2020.01.03	8878.74	8888.33	8717.66	8792.14	86293	0	200
2020.01.06	8755.03	8855.10	8705.41	8834.60	72179	0	200
2020.01.07	8836.51	8876.15	8808.80	8827.30	66601	0	200
2020.01.08	8823.91	8952.70	8662.08	8927.10	99071	0	200
2020.01.09	8930.43	9003.03	8913.74	8990.80	67860	0	200
2020.01.10	8991.58	9038.26	8950.09	8962.24	54420	0	200
2020.01.13	8963.02	9078.75	8963.02	9073.10	48895	0	200
2020.01.14	9072.92	9097.86	9019.33	9045.70	70154	0	200
2020.01.15	9044.97	9079.15	9007.25	9044.80	64403	0	200
2020.01.16	9046.33	9126.24	9046.33	9123.80	50049	0	200
2020.01.17	9124.29	9176.03	9117.63	9160.26	47040	0	200
2020.01.20	9161.79	9174.40	9146.92	9163.13	20899	0	200
2020.01.21	9163.13	9187.20	9102.13	9161.50	62689	0	200
2020.01.22	9168.16	9241.56	9161.32	9175.20	56242	0	200
2020.01.23	9176.43	9241.40	9140.04	9240.10	71783	0	200
2020.01.24	9240.23	9276.09	9099.46	9132.73	69604	0	200
2020.01.27	9055.00	9058.37	8918.00	8949.50	106744	0	200
2020.01.28	8943.68	9127.09	8942.94	9115.00	82066	0	200
2020.01.29	9111.91	9150.79	9065.36	9096.80	78482	0	200
2020.01.30	9103.15	9231.43	8994.80	9228.70	109803	0	200
2020.01.31	9215.52	9239.77	8960.20	9009.67	106409	0	200
2020.02.03	8973.75	9148.13	8973.12	9097.50	104899	0	200
2020.02.04	9091.80	9361.77	9066.37	9352.90	86224	0	200
2020.02.05	9351.09	9454.52	9310.74	9379.80	101610	0	200
2020.02.06	9379.90	9455.66	9353.77	9454.50	88674	0	200
2020.02.07	9458.26	9459.01	9375.79	9398.83	84231	0	200
2020.02.10	9391.30	9521.50	9321.34	9516.00	83616	0	200
2020.02.11	9513.25	9600.85	9492.22	9523.20	77598	0	200
2020.02.12	9526.47	9618.33	9514.54	9613.30	68952	0	200
2020.02.13	9609.82	9636.10	9500.19	9615.90	88924	0	200
2020.02.14	9616.49	9649.63	9580.91	9624.29	69867	0	200
2020.02.17	9626.89	9679.46	9626.89	9658.19	32023	0	200
2020.02.18	9606.94	9646.75	9525.19	9632.00	79409	0	200
2020.02.19	9632.74	9737.23	9630.36	9722.60	58897	0	200
2020.02.20	9731.69	9750.80	9507.57	9608.70	91498	0	200
2020.02.21	9606.60	9613.72	9404.13	9451.08	104133	0	200
2020.02.24	9344.96	9356.44	9036.12	9089.10	136716	0	200
2020.02.25	9079.23	9216.09	8804.30	8867.00	140753	0	200
2020.02.26	8861.38	9031.25	8704.37	8814.70	158449	0	200
2020.02.27	8812.75	8870.43	8329.61	8343.40	168008	0	200
2020.02.28	8352.48	8540.63	8124.72	8503.42	188035	0	200
2020.03.02	8319.99	8881.03	8227.68	8818.60	186073	0	200
2020.03.03	8838.72	9002.22	8512.84	8558.80	170533	0	200
2020.03.04	8554.54	8949.37	8508.69	8888.30	148648	0	200
2020.03.05	8884.98	8897.72	8612.83	8674.10	142797	0	200
2020.03.06	8675.98	8725.60	8312.19	8507.70	162816	0	200
2020.03.09	8334.79	8334.79	7822.75	7918.20	84929	0	200
2020.03.10	7896.14	8383.52	7819.29	8361.30	145081	0	200
2020.03.11	8312.58	8339.59	7898.91	8009.10	142936	0	200
2020.03.12	8002.01	8108.21	7135.21	7160.40	128567	0	200
2020.03.13	7102.63	7978.50	6946.63	7917.83	112399	0	200
2020.03.16	7896.03	7901.78	6923.00	7056.00	65676	0	200
2020.03.17	7061.01	7554.69	6949.03	7366.30	98061	0	200
2020.03.18	7327.01	7396.25	6822.95	7257.30	91759	0	200
2020.03.19	7244.00	7519.42	6892.00	7199.30	134326	0	200
2020.03.20	7190.63	7644.13	6967.77	6981.70	125211	0	200
2020.03.23	6804.76	7326.95	6634.70	6984.70	130664	0	200
2020.03.24	7030.88	7575.44	7024.26	7563.70	133020	0	200
2020.03.25	7551.64	7770.90	7377.62	7491.90	152561	0	200
2020.03.26	7505.00	7906.01	7322.52	7877.50	137407	0	200
2020.03.27	7903.63	7909.63	7571.26	7589.58	129352	0	200
2020.03.30	7398.63	7898.93	7382.01	7867.60	133686	0	200
2020.03.31	7867.50	8011.56	7762.43	7795.20	125416	0	200
2020.04.01	7789.25	7789.25	7420.50	7479.00	123810	0	200
2020.04.02	7484.00	7672.63	7393.57	7635.80	124437	0	200
2020.04.03	7640.38	7675.75	7439.93	7535.13	112606	0	200
2020.04.06	7550.88	8108.18	7550.88	8042.60	116595	0	200
2020.04.07	8038.63	8312.88	7956.63	8008.90	140885	0	200
2020.04.08	8022.13	8251.13	7963.25	8210.60	127913	0	200
2020.04.09	8197.23	8336.01	8112.32	8251.98	129258	0	200
2020.04.13	8307.85	8349.73	8082.60	8348.80	99571	0	200
2020.04.14	8350.80	8714.00	8331.05	8713.90	103736	0	200
2020.04.15	8712.75	8714.13	8497.75	8585.00	110406	0	200
2020.04.16	8585.75	8853.00	8511.25	8846.20	117712	0	200
2020.04.17	8946.13	8977.13	8700.25	8819.00	118702	0	200
2020.04.20	8803.14	8856.74	8699.16	8724.70	113520	0	200
2020.04.21	8715.15	8774.06	8355.78	8446.30	133646	0	200
2020.04.22	8460.56	8710.85	8413.13	8643.30	110281	0	200
2020.04.23	8647.46	8797.01	8594.49	8611.30	110151	0	200
2020.04.24	8591.78	8791.39	8509.95	8778.75	102386	0	200
2020.04.27	8818.30	8906.69	8740.48	8828.20	96113	0	200
2020.04.28	8830.37	8956.05	8666.07	8710.00	100876	0	200
2020.04.29	8776.88	9129.44	8744.90	9128.60	105148	0	200
2020.04.30	9105.40	9155.23	8867.79	8880.40	115009	0	200
2020.05.01	8850.60	8888.66	8685.25	8728.75	105073	0	200
2020.05.04	8618.21	8838.66	8569.30	8820.20	111557	0	200
2020.05.05	8820.44	9031.31	8810.44	8944.00	97854	0	200
2020.05.06	8937.73	9066.51	8887.90	8956.70	106411	0	200
2020.05.07	8966.43	9135.23	8941.07	9127.70	100904	0	200
2020.05.08	9120.07	9244.34	9110.70	9225.19	92642	0	200
2020.05.11	9180.21	9346.38	9125.26	9287.20	102659	0	200
2020.05.12	9291.46	9352.25	9048.75	9051.50	111437	0	200
2020.05.13	9048.63	9209.75	8887.57	9020.00	129221	0	200
2020.05.14	9025.77	9111.57	8856.12	9096.40	133749	0	200
2020.05.15	9089.76	9156.49	8932.40	9104.29	120312	0	200
2020.05.18	9143.87	9368.09	9119.24	9323.60	104943	0	200
2020.05.19	9325.23	9423.50	9290.92	9303.20	111508	0	200
2020.05.20	9289.67	9500.14	9276.55	9496.10	98253	0	200
2020.05.21	9501.34	9513.52	9357.38	9362.40	126869	0	200
2020.05.22	9362.01	9421.36	9244.79	9410.11	103627	0	200
2020.05.25	9399.50	9539.90	9396.12	9533.17	45175	0	200
2020.05.26	9532.93	9607.05	9377.03	9414.80	98863	0	200
2020.05.27	9411.68	9511.78	9178.00	9444.60	109573	0	200
2020.05.28	9435.24	9568.32	9323.40	9462.40	107039	0	200
2020.05.29	9453.65	9583.51	9375.13	9579.60	108566	0	200
2020.06.01	9512.81	9609.20	9452.21	9596.40	96062	0	200
2020.06.02	9592.54	9672.16	9509.52	9660.70	90029	0	200
2020.06.03	9659.00	9730.55	9638.26	9693.10	95401	0	200
2020.06.04	9689.92	9744.22	9575.46	9645.60	103818	0	200
2020.06.05	9642.80	9846.55	9604.20	9810.98	94694	0	200
2020.06.08	9820.18	9902.52	9750.25	9884.80	97974	0	200
2020.06.09	9885.90	10006.77	9811.93	9962.40	101219	0	200
2020.06.10	9963.32	10155.19	9959.49	10087.00	104696	0	200
2020.06.11	10085.49	10104.99	9585.91	9620.30	128848	0	200
2020.06.12	9612.21	9849.36	9495.34	9646.32	86542	0	200
2020.06.15	9531.70	9813.96	9382.63	9811.30	83208	0	200
2020.06.16	9810.27	10012.36	9798.96	9968.60	78978	0	200
2020.06.17	9957.11	10058.47	9926.79	9996.70	73834	0	200
2020.06.18	9994.06	10038.78	9878.07	9998.50	77067	0	200
2020.06.19	9993.24	10120.32	9929.46	9931.34	72241	0	200
2020.06.22	9879.13	10145.15	9855.52	10132.50	73776	0	200
2020.06.23	10135.29	10306.86	9984.92	10187.30	77379	0	200
2020.06.24	10192.72	10251.64	9939.13	10025.20	84892	0	200
2020.06.25	10019.97	10117.91	9899.52	10107.40	81435	0	200
2020.06.26	10103.43	10131.04	9837.36	9879.07	73962	0	200
2020.06.29	9797.17	10007.75	9742.25	9996.90	81270	0	200
2020.06.30	9989.49	10182.64	9950.38	10150.00	69702	0	200
2020.07.01	10147.76	10321.27	10088.22	10268.20	65926	0	200
2020.07.02	10268.30	10431.56	10259.55	10358.80	68104	0	200
2020.07.03	10360.72	10398.62	10320.14	10352.11	33148	0	200
2020.07.06	10351.25	10624.37	10351.25	10606.90	71410	0	200
2020.07.07	10613.30	10703.96	10516.86	10536.20	76396	0	200
2020.07.08	10535.24	10683.29	10515.57	10682.50	76083	0	200
2020.07.09	10694.05	10784.16	10572.98	10735.30	75294	0	200
2020.07.10	10737.37	10854.39	10639.20	10850.14	76865	0	200
2020.07.13	10860.04	11069.83	10575.14	10611.00	79019	0	200
2020.07.14	10613.71	10703.51	10372.42	10655.50	91078	0	200
2020.07.15	10729.63	10779.16	10566.53	10701.20	82382	0	200
2020.07.16	10704.11	10710.99	10490.68	10547.10	82626	0	200
2020.07.17	10550.10	10681.84	10537.35	10633.24	67477	0	200
2020.07.20	10634.23	10970.79	10559.53	10959.60	72812	0	200
2020.07.21	10961.03	11068.68	10797.43	10856.10	76552	0	200
2020.07.22	10863.37	10926.98	10773.78	10855.70	80392	0	200
2020.07.23	10859.25	10948.68	10528.73	10576.30	82058	0	200
2020.07.24	10581.63	10609.88	10316.46	10470.99	88072	0	200
2020.07.27	10501.11	10693.54	10414.14	10692.10	77069	0	200
2020.07.28	10691.54	10768.14	10526.73	10557.80	75884	0	200
2020.07.29	10570.57	10710.42	10524.24	10709.80	67817	0	200
2020.07.30	10708.85	10905.70	10513.93	10901.50	80409	0	200
2020.07.31	10917.99	10949.10	10703.41	10915.37	83136	0	200
2020.08.03	10943.47	11084.48	10887.61	11063.70	69743	0	200
2020.08.04	11063.62	11106.75	10993.50	11090.20	69540	0	200
2020.08.05	11090.51	11156.58	11068.41	11108.00	64162	0	200
2020.08.06	11103.60	11281.09	11062.06	11268.00	70949	0	200
2020.08.07	11265.11	11289.36	11044.11	11132.49	75503	0	200
2020.08.10	11149.17	11154.94	10938.27	11087.10	66420	0	200
2020.08.11	11074.58	11164.37	10855.42	10919.20	72372	0	200
2020.08.12	10950.23	11189.58	10887.63	11122.40	70372	0	200
2020.08.13	11121.02	11272.42	11100.43	11187.50	67964	0	200
2020.08.14	11184.85	11242.22	11103.97	11143.40	66151	0	200
2020.08.17	11147.80	11305.13	11147.80	11291.40	54581	0	200
2020.08.18	11288.77	11421.03	11274.71	11419.00	59835	0	200
2020.08.19	11415.07	11439.84	11303.59	11322.30	60265	0	200
2020.08.20	11320.96	11498.02	11224.51	11481.70	69238	0	200
2020.08.21	11482.53	11575.36	11408.64	11563.77	68231	0	200
2020.08.24	11583.90	11725.53	11531.56	11636.10	71384	0	200
2020.08.25	11638.02	11744.83	11578.27	11739.00	74375	0	200
2020.08.26	11740.85	12004.77	11728.35	11987.90	68775	0	200
2020.08.27	11984.20	12048.11	11839.00	11948.30	74651	0	200
2020.08.28	11951.46	12019.89	11921.35	11989.42	75119	0	200
2020.08.31	12007.39	12166.46	11990.55	12109.30	69912	0	200
2020.09.01	12112.39	12329.03	12094.65	12328.50	74058	0	200
2020.09.02	12323.70	12465.02	12173.12	12407.50	76677	0	200
2020.09.03	12409.18	12436.69	11660.78	11802.80	88499	0	200
2020.09.04	11731.49	11842.31	11140.96	11550.63	101348	0	200
2020.09.07	11532.38	11546.25	11308.13	11512.50	52024	0	200
2020.09.08	11506.75	11584.38	11043.74	11045.70	94473	0	200
2020.09.09	10977.85	11480.25	10937.85	11372.90	89665	0	200
2020.09.10	11379.95	11566.88	11093.05	11178.20	90502	0	200
2020.09.11	11195.91	11357.67	10941.26	11065.78	72846	0	200
2020.09.14	11106.06	11362.54	11104.06	11272.00	72428	0	200
2020.09.15	11281.48	11494.37	11247.14	11460.70	67657	0	200
2020.09.16	11467.31	11548.67	11237.57	11262.60	74995	0	200
2020.09.17	11271.30	11301.78	10917.38	11080.30	92285	0	200
2020.09.18	11073.47	11176.45	10764.58	10946.60	87526	0	200
2020.09.21	10937.66	11025.66	10675.83	10998.00	96224	0	200
2020.09.22	10980.80	11206.70	10913.66	11168.00	88125	0	200
2020.09.23	11174.57	11237.31	10805.34	10836.90	86706	0	200
2020.09.24	10816.62	11027.41	10678.98	10923.90	98492	0	200
2020.09.25	10932.59	11179.06	10828.19	11148.65	83311	0	200
2020.09.28	11159.59	11413.80	11153.47	11405.00	75827	0	200
2020.09.29	11394.06	11457.85	11301.24	11329.50	77443	0	200
2020.09.30	11324.77	11535.50	11179.33	11367.10	90600	0	200
2020.10.01	11392.37	11606.39	11390.37	11581.10	80409	0	200
2020.10.02	11576.71	11612.30	11221.45	11248.12	93607	0	200
2020.10.05	11326.96	11510.57	11283.34	11482.40	73317	0	200
2020.10.06	11484.06	11537.76	11212.39	11218.60	76619	0	200
2020.10.07	11232.26	11518.88	11223.89	11488.80	75246	0	200
2020.10.08	11485.15	11591.43	11484.72	11572.80	70695	0	200
2020.10.09	11574.84	11738.10	11565.28	11738.10	64586	0	200
2020.10.12	11733.44	12205.08	11705.21	12096.00	79887	0	200
2020.10.13	12107.92	12256.42	12028.14	12086.90	91020	0	200
2020.10.14	12087.49	12183.06	11911.15	11951.70	79329	0	200
2020.10.15	11955.65	11990.63	11746.11	11891.50	84964	0	200
2020.10.16	11904.48	12033.34	11803.62	11808.49	77726	0	200
2020.10.19	11829.33	11960.94	11605.75	11705.00	77218	0	200
2020.10.20	11715.74	11801.15	11612.04	11661.70	84464	0	200
2020.10.21	11693.25	11790.30	11597.62	11697.10	82944	0	200
2020.10.22	11685.49	11734.15	11524.80	11667.60	77548	0	200
2020.10.23	11684.59	11703.05	11564.79	11673.21	70526	0	200
2020.10.26	11645.32	11708.13	11359.20	11511.10	77855	0	200
2020.10.27	11511.69	11634.45	11491.58	11565.50	76269	0	200
2020.10.28	11564.99	11577.77	11138.22	11188.00	87018	0	200
2020.10.29	11195.12	11467.19	11156.96	11254.80	89719	0	200
2020.10.30	11221.07	11291.55	10958.75	11085.69	94729	0	200
2020.11.02	11046.19	11223.38	10955.46	11086.50	87309	0	200
2020.11.03	11081.87	11358.00	11076.62	11255.50	79285	0	200
2020.11.04	11275.44	11851.64	11241.34	11821.70	114994	0	200
2020.11.05	11834.93	12123.94	11778.96	12097.00	89176	0	200
2020.11.06	12082.96	12112.20	11873.11	12091.94	87960	0	200
2020.11.09	12149.80	12415.89	11820.75	11853.10	97507	0	200
2020.11.10	11870.63	11907.50	11511.70	11631.00	103033	0	200
2020.11.11	11636.04	11924.35	11583.58	11900.90	85192	0	200
2020.11.12	11905.37	11979.99	11782.14	11867.10	85073	0	200
2020.11.13	11863.17	11957.47	11807.68	11950.53	72642	0	200
2020.11.16	11962.42	12068.89	11857.06	12044.90	77720	0	200
2020.11.17	12077.82	12093.30	11959.96	11973.90	69364	0	200
2020.11.18	11973.78	12027.46	11863.23	11876.00	72173	0	200
2020.11.19	11875.27	11999.26	11804.85	11965.00	70911	0	200
2020.11.20	11952.72	12019.29	11874.57	11885.94	65873	0	200
2020.11.23	11895.00	12003.34	11810.67	11917.60	63629	0	200
2020.11.24	11914.71	12104.26	11875.62	12101.20	65694	0	200
2020.11.25	12096.54	12177.25	12078.40	12167.80	68789	0	200
2020.11.26	12172.63	12221.75	12127.85	12143.56	30802	0	200
2020.11.27	12155.00	12307.75	12136.63	12267.83	43347	0	200
2020.11.30	12286.70	12335.08	12086.42	12317.80	75392	0	200
2020.12.01	12331.26	12511.06	12311.40	12458.50	71179	0	200
2020.12.02	12458.66	12472.23	12315.43	12462.10	67835	0	200
2020.12.03	12472.08	12538.69	12442.11	12485.30	64015	0	200
2020.12.04	12484.74	12534.00	12447.22	12505.80	56751	0	200
2020.12.07	12524.50	12610.22	12475.00	12569.20	64328	0	200
2020.12.08	12573.61	12650.42	12502.34	12646.10	63864	0	200
2020.12.09	12659.37	12671.99	12308.16	12351.10	68116	0	200
2020.12.10	12344.19	12449.87	12219.51	12388.50	75917	0	200
2020.12.11	12391.12	12414.63	12236.54	12367.41	68690	0	200
2020.12.14	12417.78	12544.56	12387.34	12466.40	66675	0	200
2020.12.15	12467.25	12604.74	12423.81	12595.10	65238	0	200
2020.12.16	12600.27	12699.62	12569.07	12673.50	64126	0	200
2020.12.17	12674.71	12764.49	12666.28	12749.90	61848	0	200
2020.12.18	12743.25	12786.07	12608.73	12737.03	67649	0	200
2020.12.21	12762.12	12780.83	12463.72	12692.50	93442	0	200
2020.12.22	12709.75	12761.97	12600.31	12710.90	82662	0	200
2020.12.23	12707.12	12743.54	12627.36	12661.40	77670	0	200
2020.12.24	12663.25	12729.43	12636.93	12680.25	43664	0	200
2020.12.28	12681.50	12859.46	12662.50	12847.10	66125	0	200
2020.12.29	12849.79	12922.45	12814.39	12861.10	63736	0	200
2020.12.30	12861.35	12913.30	12825.44	12845.10	67592	0	200
2020.12.31	12849.95	12870.32	12826.86	12828.69	34586	0	200
2021.01.04	12893.75	12964.87	12530.87	12696.00	112163	0	200
2021.01.05	12695.11	12817.14	12619.70	12812.00	109149	0	200
2021.01.06	12812.65	12852.12	12502.12	12667.80	141814	0	200
2021.01.07	12667.79	12967.08	12655.42	12934.80	111589	0	200
2021.01.08	12938.29	13126.16	12927.55	13122.54	104795	0	200
2021.01.11	13101.13	13113.12	12882.03	12915.30	79747	0	200
2021.01.12	12924.96	12967.12	12777.77	12892.70	76681	0	200
2021.01.13	12887.57	13008.73	12829.74	12981.00	69038	0	200
2021.01.14	12983.16	13035.52	12886.66	12905.30	72378	0	200
2021.01.15	12918.09	12935.19	12750.30	12779.95	80572	0	200
2021.01.18	12780.61	12822.80	12735.03	12819.68	38298	0	200
2021.01.19	12820.43	13038.78	12818.93	13038.30	70446	0	200
2021.01.20	13037.29	13333.09	13025.94	13295.40	72269	0	200
2021.01.21	13297.04	13430.65	13290.80	13403.10	69376	0	200
2021.01.22	13404.39	13408.64	13307.55	13367.40	72994	0	200
2021.01.25	13378.24	13562.39	13198.85	13472.60	79549	0	200
2021.01.26	13465.03	13606.44	13390.25	13560.30	75103	0	200
2021.01.27	13556.62	13592.84	12895.57	13070.30	90117	0	200
2021.01.28	13046.10	13402.89	12915.56	13161.20	109216	0	200
2021.01.29	13168.54	13194.66	12843.18	12895.98	101251	0	200
2021.02.01	12858.69	13280.35	12738.26	13243.60	95457	0	200
2021.02.02	13242.07	13512.57	13241.70	13505.30	84702	0	200
2021.02.03	13515.34	13590.91	13399.41	13426.80	77342	0	200
2021.02.04	13446.81	13575.94	13354.72	13572.50	75928	0	200
2021.02.05	13564.76	13643.01	13526.72	13610.58	71153	0	200
2021.02.08	13628.12	13698.30	13603.75	13692.00	67766	0	200
2021.02.09	13692.54	13741.78	13639.48	13703.90	64975	0	200
2021.02.10	13702.22	13774.83	13526.43	13670.50	73650	0	200
2021.02.11	13669.19	13747.69	13618.69	13715.20	68867	0	200
2021.02.12	13716.59	13819.50	13652.77	13819.25	63631	0	200
2021.02.15	13833.24	13883.02	13815.00	13876.79	29775	0	200
2021.02.16	13874.63	13904.88	13723.43	13759.10	72919	0	200
2021.02.17	13760.16	13788.52	13549.26	13701.70	77751	0	200
2021.02.18	13702.72	13724.09	13473.65	13642.70	81848	0	200
2021.02.19	13638.92	13728.83	13538.78	13571.86	80119	0	200
2021.02.22	13587.55	13631.32	13218.63	13224.60	92955	0	200
2021.02.23	13231.27	13338.66	12761.39	13160.30	102000	0	200
2021.02.24	13175.01	13338.65	12963.83	13319.10	103931	0	200
2021.02.25	13303.75	13357.50	12771.13	12794.20	103502	0	200
2021.02.26	12799.63	13092.11	12668.91	12893.19	117710	0	200
2021.03.01	12960.68	13320.25	12950.06	13315.60	93718	0	200
2021.03.02	13313.46	13330.21	13052.84	13059.70	99062	0	200
2021.03.03	13062.06	13193.20	12668.66	12683.70	96086	0	200
2021.03.04	12684.65	12798.25	12311.31	12435.90	118193	0	200
2021.03.05	12438.74	12699.99	12210.13	12659.63	152770	0	200
2021.03.08	12717.40	12763.15	12288.27	12338.00	158894	0	200
2021.03.09	12339.25	12868.61	12329.37	12788.80	112823	0	200
2021.03.10	12813.76	12995.08	12705.92	12789.40	101813	0	200
2021.03.11	12790.38	13119.94	12723.72	13045.40	95670	0	200
2021.03.12	13050.62	13094.23	12770.78	12936.22	91000	0	200
2021.03.15	12949.52	13098.27	12872.88	13083.60	92392	0	200
2021.03.16	13084.98	13295.53	13057.20	13163.30	82920	0	200
2021.03.17	13165.59	13282.74	12945.46	13180.50	87712	0	200
2021.03.18	13188.27	13277.27	12780.21	12807.70	98241	0	200
2021.03.19	12819.92	12912.95	12699.72	12846.17	100483	0	200
2021.03.22	12825.63	13168.57	12805.39	13073.70	90044	0	200
2021.03.23	13079.04	13183.97	12990.66	13041.20	96871	0	200
2021.03.24	13060.29	13156.02	12795.70	12807.90	96918	0	200
2021.03.25	12809.01	12870.75	12623.33	12801.90	100712	0	200
2021.03.26	12802.46	13000.79	12687.50	12971.69	92435	0	200
2021.03.29	12980.32	13017.12	12820.06	12977.30	99018	0	200
2021.03.30	12984.88	12997.50	12793.20	12903.60	89013	0	200
2021.03.31	12902.58	13171.39	12872.23	13099.70	82513	0	200
2021.04.01	13105.19	13341.32	13105.19	13337.20	80800	0	200
2021.04.02	13338.46	13400.03	13335.59	13372.27	21429	0	300
2021.04.05	13345.40	13626.26	13313.40	13608.90	84043	0	200
2021.04.06	13609.92	13661.36	13532.43	13590.80	109975	0	200
2021.04.07	13589.84	13650.26	13520.73	13628.50	103757	0	200
2021.04.08	13627.45	13797.56	13623.46	13796.90	100589	0	200
2021.04.09	13796.04	13848.67	13655.60	13818.77	108181	0	200
2021.04.12	13826.98	13841.10	13743.27	13833.90	86945	0	200
2021.04.13	13833.90	14001.85	13782.17	13982.60	76976	0	200
2021.04.14	13982.60	14036.83	13781.05	13834.00	78880	0	200
2021.04.15	13834.00	14039.51	13796.19	14004.10	80341	0	200
2021.04.16	14004.10	14065.81	13960.53	14026.95	76310	0	200
2021.04.19	13997.69	14061.11	13831.74	13898.70	84152	0	200
2021.04.20	13898.90	13943.31	13729.28	13740.50	88886	0	200
2021.04.21	13740.40	13936.68	13711.31	13901.70	85755	0	200
2021.04.22	13901.70	13954.59	13714.59	13772.20	84794	0	200
2021.04.23	13772.20	13989.82	13749.72	13924.16	75119	0	200
2021.04.26	13929.03	14048.06	13875.30	14029.90	74683	0	200
2021.04.27	14029.90	14060.56	13926.24	13961.70	70369	0	200
2021.04.28	13961.70	14004.73	13891.63	13981.10	74966	0	200
2021.04.29	13981.10	14075.70	13831.52	13956.90	77802	0	200
2021.04.30	13956.90	13968.58	13831.03	13877.40	81717	0	200
2021.05.03	13890.08	13956.93	13782.37	13793.80	73677	0	200
2021.05.04	13793.80	13801.00	13392.53	13532.60	81877	0	200
2021.05.05	13531.10	13677.29	13476.21	13495.60	79905	0	200
2021.05.06	13495.60	13622.48	13400.87	13614.90	87433	0	200
2021.05.07	13614.80	13821.87	13595.41	13724.13	77325	0	200
2021.05.10	13718.35	13758.24	13315.18	13316.40	80876	0	200
2021.05.11	13316.40	13383.25	13074.53	13324.00	134256	0	200
2021.05.12	13324.00	13358.86	12967.49	12971.40	152538	0	200
2021.05.13	12971.40	13228.53	12922.25	13095.20	150804	0	200
2021.05.14	13095.20	13430.45	13075.84	13398.44	125377	0	200
2021.05.17	13388.43	13452.66	13190.69	13320.00	125732	0	200
2021.05.18	13320.00	13438.52	13186.34	13194.30	106538	0	200
2021.05.19	13194.30	13246.58	12958.57	13223.10	141304	0	200
2021.05.20	13223.10	13525.00	13155.46	13490.40	117088	0	200
2021.05.21	13490.40	13571.43	13399.27	13413.70	110339	0	200
2021.05.24	13386.64	13687.32	13359.90	13651.10	98161	0	200
2021.05.25	13651.10	13739.05	13610.03	13671.10	108936	0	200
2021.05.26	13671.10	13728.82	13659.63	13705.60	102365	0	200
2021.05.27	13705.60	13723.52	13622.24	13695.80	108592	0	200
2021.05.28	13695.80	13765.11	13663.37	13694.72	87318	0	200
2021.05.31	13697.83	13719.83	13653.94	13659.60	47204	0	200
2021.06.01	13656.93	13774.20	13597.30	13650.60	104400	0	200
2021.06.02	13650.60	13714.19	13606.54	13679.00	106264	0	200
2021.06.03	13673.60	13705.74	13465.29	13532.10	110689	0	200
2021.06.04	13531.80	13784.05	13466.55	13758.30	102681	0	200
2021.06.07	13772.64	13824.00	13690.92	13823.60	99083	0	200
2021.06.08	13823.60	13915.65	13742.33	13811.50	112951	0	200
2021.06.09	13811.50	13902.04	13802.17	13810.80	103453	0	200
2021.06.10	13810.70	13974.08	13726.30	13972.20	104764	0	200
2021.06.11	13972.20	13998.43	13932.85	13993.56	96897	0	200
2021.06.14	13995.73	14130.14	13965.14	14115.30	95395	0	200
2021.06.15	14115.40	14159.63	14007.46	14043.10	95618	0	200
2021.06.16	14040.94	14101.74	13839.81	13935.40	100428	0	200
2021.06.17	13943.81	14205.01	13848.20	14183.40	125304	0	200
2021.06.18	14183.50	14210.84	14019.10	14050.63	118180	0	200
2021.06.21	14016.82	14151.03	13968.00	14144.20	135026	0	200
2021.06.22	14144.20	14288.90	14073.86	14279.10	109488	0	200
2021.06.23	14279.10	14325.18	14243.43	14285.00	104958	0	200
2021.06.24	14284.70	14430.89	14278.86	14367.80	97778	0	200
2021.06.25	14367.80	14403.38	14321.98	14333.70	93907	0	200
2021.06.28	14346.03	14528.42	14341.81	14509.90	94338	0	200
2021.06.29	14507.50	14593.15	14477.08	14590.30	96911	0	200
2021.06.30	14591.20	14607.25	14526.66	14562.70	103247	0	200
2021.07.01	14562.80	14610.01	14480.98	14548.60	106318	0	200
2021.07.02	14548.70	14735.82	14521.50	14718.66	94731	0	200
2021.07.05	14711.77	14729.26	14682.13	14697.38	49921	0	200
2021.07.06	14699.90	14795.41	14634.35	14770.50	108203	0	200
2021.07.07	14770.50	14891.42	14735.74	14818.00	110758	0	200
2021.07.08	14818.00	14829.97	14549.92	14721.40	134496	0	0
2021.07.09	14724.30	14839.65	14648.53	14818.78	115849	0	200
2021.07.12	14832.11	14896.51	14792.31	14885.40	106412	0	200
2021.07.13	14885.40	15001.26	14801.62	14870.20	104448	0	200
2021.07.14	14870.20	15002.44	14848.69	14902.20	116057	0	200
2021.07.15	14902.20	14968.47	14715.49	14781.20	121373	0	200
2021.07.16	14781.20	14873.98	14666.35	14674.01	118081	0	200
2021.07.19	14683.76	14690.38	14451.50	14597.10	142942	0	200
2021.07.20	14603.15	14790.55	14525.35	14734.70	127854	0	200
2021.07.21	14737.02	14848.60	14677.46	14848.00	118111	0	200
2021.07.22	14846.10	14993.75	14836.61	14988.00	104656	0	200
2021.07.23	14989.89	15125.59	14945.67	15104.25	99012	0	200
2021.07.26	15106.93	15142.37	15048.61	15131.20	112399	0	200
2021.07.27	15133.01	15138.80	14783.24	14893.00	116830	0	200
2021.07.28	14880.34	15082.19	14878.22	14993.90	135059	0	200
2021.07.29	14993.79	15092.68	14913.15	14922.00	115597	0	200
2021.07.30	14911.91	14990.08	14819.62	14975.27	130239	0	200
2021.08.02	14979.04	15063.57	14943.17	14971.30	115407	0	200
2021.08.03	14972.23	15062.22	14860.76	15046.10	115682	0	200
2021.08.04	15048.37	15120.90	15010.80	15092.70	105652	0	200
2021.08.05	15088.53	15182.74	15079.66	15181.80	99245	0	200
2021.08.06	15173.72	15177.75	15057.68	15101.04	94990	0	200
2021.08.09	15100.72	15155.48	15012.99	15136.90	98993	0	200
2021.08.10	15138.00	15167.14	15006.74	15058.80	100431	0	200
2021.08.11	15052.53	15127.70	14970.75	15015.30	103950	0	200
2021.08.12	15011.72	15098.05	14949.79	15086.80	94706	0	200
2021.08.13	15085.54	15148.99	15062.47	15132.61	83689	0	200
2021.08.16	15125.79	15145.05	14923.03	15139.70	108358	0	200
2021.08.17	15136.69	15139.07	14904.65	14977.00	118657	0	200
2021.08.18	14968.12	15039.81	14809.72	14840.80	115630	0	200
2021.08.19	14842.90	15001.00	14712.92	14943.30	147306	0	200
2021.08.20	14944.12	15101.73	14852.69	15093.22	129468	0	200
2021.08.23	15091.79	15340.45	15090.92	15329.50	102854	0	200
2021.08.24	15329.70	15386.87	15313.33	15365.00	93189	0	200
2021.08.25	15366.12	15399.73	15336.78	15371.20	97059	0	200
2021.08.26	15370.71	15371.34	15261.02	15291.00	107455	0	200
2021.08.27	15287.34	15446.98	15268.61	15426.61	93317	0	200
2021.08.30	15436.56	15621.57	15423.86	15609.50	85366	0	200
2021.08.31	15607.05	15678.98	15521.81	15601.50	114762	0	200
2021.09.01	15598.79	15696.08	15577.50	15610.50	102048	0	200
2021.09.02	15606.61	15680.23	15552.64	15598.30	103750	0	200
2021.09.03	15597.27	15674.24	15548.28	15651.39	98198	0	200
2021.09.06	15654.09	15708.06	15641.23	15701.74	50020	0	200
2021.09.07	15700.56	15701.54	15607.06	15670.80	100604	0	100
2021.09.08	15670.11	15691.00	15523.73	15608.90	114397	0	100
2021.09.09	15607.86	15674.62	15544.66	15561.60	112441	0	100
2021.09.10	15559.50	15666.40	15433.80	15452.89	100769	0	100
2021.09.13	15446.31	15564.21	15349.82	15450.30	111468	0	100
2021.09.14	15445.35	15527.79	15351.47	15394.00	102611	0	100
2021.09.15	15394.13	15519.89	15314.10	15513.40	101389	0	100
2021.09.16	15514.23	15540.54	15368.69	15505.10	98857	0	100
2021.09.17	15503.40	15535.42	15291.45	15314.58	99385	0	100
2021.09.20	15296.19	15349.76	14820.11	15001.30	126693	0	100
2021.09.21	15000.46	15174.17	14980.23	15002.50	118240	0	100
2021.09.22	15002.60	15234.72	14940.55	15187.70	116673	0	100
2021.09.23	15188.09	15356.34	15184.48	15306.70	113278	0	100
2021.09.24	15310.20	15345.94	15189.79	15328.28	108813	0	100
2021.09.27	15330.89	15410.86	15098.73	15183.80	112343	0	100
2021.09.28	15184.28	15203.67	14756.94	14780.40	132764	0	100
2021.09.29	14782.45	14937.79	14725.26	14775.30	137380	0	100
2021.09.30	14782.06	14895.92	14683.21	14703.90	131495	0	100
2021.10.01	14712.82	14830.94	14550.23	14780.01	135647	0	100
2021.10.04	14796.14	14847.11	14382.35	14501.00	140360	0	100
2021.10.05	14504.86	14764.90	14423.67	14672.29	131938	0	100
2021.10.06	14671.92	14779.99	14433.41	14777.10	145431	0	100
2021.10.07	14778.13	15010.66	14777.50	14899.80	119283	0	100
2021.10.08	14901.37	15004.96	14803.73	14813.90	122492	0	100
2021.10.11	14822.18	14908.98	14689.51	14696.80	127578	0	100
2021.10.12	14700.51	14794.64	14598.14	14610.00	130025	0	100
2021.10.13	14604.77	14804.73	14603.27	14778.58	118222	0	100
2021.10.14	14779.71	15079.47	14778.46	15077.73	101492	0	100
2021.10.15	15074.36	15151.08	15032.78	15148.71	105530	0	100
2021.10.18	15157.25	15309.18	15052.20	15301.50	109122	0	100
2021.10.19	15301.45	15439.72	15282.97	15423.50	100910	0	100
2021.10.20	15422.25	15458.97	15331.63	15369.30	104919	0	100
2021.10.21	15368.14	15496.04	15311.87	15391.90	109164	0	100
2021.10.22	15394.34	15474.64	15288.02	15349.17	109850	0	100
2021.10.25	15337.55	15558.71	15310.45	15554.20	105893	0	100
2021.10.26	15555.37	15711.35	15515.20	15532.50	109494	0	100
2021.10.27	15542.85	15729.67	15516.84	15602.50	114983	0	100
2021.10.28	15607.55	15788.03	15604.63	15683.70	115503	0	100
2021.10.29	15689.85	15858.91	15606.62	15858.91	122111	0	100
2021.11.01	15897.60	15925.35	15781.26	15900.20	101954	0	100
2021.11.02	15902.30	15993.03	15860.37	15969.80	94020	0	100
2021.11.03	15962.27	16156.91	15947.82	16143.00	94900	0	100
2021.11.04	16141.49	16387.56	16140.00	16349.60	100008	0	100
2021.11.05	16338.60	16457.48	16300.34	16348.68	103939	0	100
2021.11.08	16299.76	16400.89	16279.77	16331.30	104791	0	100
2021.11.09	16320.24	16398.69	16167.04	16203.70	108526	0	100
2021.11.10	16202.71	16247.16	15903.84	15990.40	112184	0	100
2021.11.11	15993.52	16118.95	15982.65	16044.80	109635	0	100
2021.11.12	16048.52	16218.46	16009.99	16201.61	98923	0	100
2021.11.15	16217.26	16280.80	16089.50	16201.10	96546	0	100
2021.11.16	16203.00	16328.53	16151.15	16298.00	100293	0	100
2021.11.17	16300.12	16399.40	16274.55	16322.59	96501	0	100
2021.11.18	16323.68	16508.43	16308.26	16507.00	102553	0	100
2021.11.19	16504.19	16628.76	16491.07	16575.87	111112	0	100
2021.11.22	16600.42	16767.24	16366.00	16398.00	109936	0	100
2021.11.23	16399.93	16419.73	16120.14	16299.30	127930	0	100
2021.11.24	16300.67	16368.97	16103.03	16356.30	120909	0	100
2021.11.25	16359.50	16437.70	16353.63	16406.58	51138	0	100
2021.11.26	16409.18	16414.30	15991.30	16049.68	121177	0	100
2021.11.29	16046.55	16439.28	16046.55	16416.10	137020	0	100
2021.11.30	16418.62	16456.09	16070.92	16238.90	145315	0	100
2021.12.01	16240.39	16429.45	15829.73	15862.10	137368	0	100
2021.12.02	15893.03	16067.11	15765.49	16015.00	147732	0	100
2021.12.03	16021.07	16120.13	15540.82	15687.52	137703	0	100
2021.12.06	15718.23	15897.89	15562.95	15850.80	136752	0	100
2021.12.07	15846.64	16374.63	15824.77	16367.30	118348	0	100
2021.12.08	16362.14	16435.75	16254.12	16383.00	118598	0	100
2021.12.09	16380.95	16421.34	16121.11	16154.90	111111	0	100
2021.12.10	16152.60	16336.04	16136.90	16319.56	103515	0	100
2021.12.13	16320.96	16410.30	16065.61	16093.00	109219	0	100
2021.12.14	16088.73	16132.24	15738.98	15931.80	122302	0	100
2021.12.15	15931.55	16300.68	15744.50	16287.00	120855	0	100
2021.12.16	16289.47	16458.54	15800.22	15882.40	129219	0	100
2021.12.17	15875.77	15961.88	15657.87	15825.41	135217	0	100
2021.12.20	15814.78	15858.10	15502.34	15681.60	141061	0	100
2021.12.21	15672.25	15994.58	15611.78	15980.90	120114	0	100
2021.12.22	15984.64	16189.18	15889.95	16187.60	109667	0	100
2021.12.23	16186.82	16360.06	16152.94	16307.80	87999	0	100
2021.12.27	16310.72	16584.22	16309.85	16573.20	92486	0	100
2021.12.28	16568.25	16659.67	16454.50	16515.10	102439	0	100
2021.12.29	16514.45	16565.24	16388.64	16483.00	104210	0	100
2021.12.30	16485.22	16570.47	16417.62	16434.40	93205	0	100
2021.12.31	16436.97	16468.27	16356.96	16386.10	61805	0	100
2022.01.03	16358.52	16511.87	16294.77	16501.30	103146	0	100
2022.01.04	16502.95	16569.27	16147.95	16267.90	114920	0	100
2022.01.05	16268.42	16274.04	15760.40	15760.90	124022	0	100
2022.01.06	15766.60	15900.77	15607.99	15798.90	147653	0	100
2022.01.07	15809.18	15861.49	15521.81	15594.48	129480	0	100
2022.01.10	15600.22	15679.45	15162.68	15628.40	137841	0	100
2022.01.11	15632.36	15849.64	15489.96	15834.00	136953	0	100
2022.01.12	15836.93	16020.69	15774.82	15905.80	128370	0	100
2022.01.13	15908.93	15990.02	15470.19	15511.90	127141	0	100
2022.01.14	15515.85	15618.34	15320.74	15606.50	145970	0	100
2022.01.17	15618.96	15647.02	15518.42	15565.51	75033	0	100
2022.01.18	15573.63	15612.63	15183.84	15251.60	147853	0	100
2022.01.19	15250.84	15382.61	15024.16	15046.90	153527	0	100
2022.01.20	15053.46	15350.47	14659.32	14734.90	144720	0	100
2022.01.21	14732.57	14869.93	14422.46	14434.59	158907	0	100
2022.01.24	14423.98	14592.28	13719.56	14515.90	167681	0	100
2022.01.25	14505.08	14511.46	13904.85	13937.10	169070	0	100
2022.01.26	13960.10	14652.15	13960.10	14166.60	155349	0	100
2022.01.27	14210.48	14423.66	13861.99	14125.50	175438	0	100
2022.01.28	14181.17	14456.00	13844.53	14415.17	163662	0	100
2022.01.31	14468.95	14930.39	14368.75	14883.50	145029	0	100
2022.02.01	14885.31	15152.61	14747.31	15132.50	128538	0	100
2022.02.02	15145.58	15276.78	14846.77	14877.50	129361	0	100
2022.02.03	14867.89	14883.80	14473.81	14821.30	139071	0	100
2022.02.04	14781.49	14836.52	14375.85	14671.85	150032	0	100
2022.02.07	14697.77	14818.14	14524.85	14613.50	147071	0	100
2022.02.08	14612.21	14784.48	14482.30	14758.00	136059	0	100
2022.02.09	14755.88	15075.60	14751.88	15064.30	118464	0	100
2022.02.10	15071.54	15071.54	14635.75	14707.40	135231	0	100
2022.02.11	14709.03	14776.83	14191.59	14249.65	146178	0	100
2022.02.14	14260.39	14404.84	14037.47	14270.00	162596	0	100
2022.02.15	14269.54	14623.49	14234.49	14590.90	143446	0	100
2022.02.16	14595.26	14675.46	14389.60	14598.50	137963	0	100
2022.02.17	14595.83	14624.45	14141.77	14165.50	145958	0	100
2022.02.18	14164.49	14305.60	13915.78	14029.35	149815	0	100
2022.02.21	13962.20	14165.70	13758.67	13761.87	102046	0	100
2022.02.22	13688.25	14117.00	13590.25	13926.30	174612	0	100
2022.02.23	13932.80	14072.35	13478.73	13494.90	145524	0	100
2022.02.24	13487.34	13987.99	13031.11	13915.30	193320	0	100
2022.02.25	13914.60	14203.16	13767.33	14192.07	167443	0	100
2022.02.28	13878.80	14295.64	13693.07	14224.13	164365	0	100
2022.03.01	14224.09	14332.33	13907.57	14032.50	150713	0	100
2022.03.02	14026.01	14293.46	13916.89	14201.40	151218	0	100
2022.03.03	14200.66	14395.38	13961.41	14062.00	137964	0	100
2022.03.04	14067.82	14086.82	13735.40	13806.84	157674	0	100
2022.03.07	13764.88	13880.79	13266.06	13269.80	165055	0	100
2022.03.08	13272.75	13664.94	13105.91	13198.20	199564	0	100
2022.03.09	13199.45	13822.53	13197.45	13776.20	203664	0	100
2022.03.10	13775.73	13775.85	13400.41	13577.60	195652	0	100
2022.03.11	13575.34	13860.88	13284.33	13303.90	162554	0	100
2022.03.14	13370.70	13445.58	13016.82	13082.20	163142	0	100
2022.03.15	13082.30	13486.55	12942.59	13445.70	179601	0	100
2022.03.16	13447.30	14028.13	13415.68	14000.30	188420	0	100
2022.03.17	13992.20	14134.09	13820.30	14056.40	180513	0	100
2022.03.18	14063.60	14443.59	13970.04	14442.00	172008	0	100
2022.03.21	14413.50	14470.98	14191.05	14397.40	170099	0	100
2022.03.22	14389.50	14691.12	14295.78	14655.60	165734	0	100
2022.03.23	14654.30	14684.43	14443.44	14465.70	164814	0	100
2022.03.24	14463.80	14769.70	14436.68	14766.70	160972	0	100
2022.03.25	14764.08	14837.79	14575.92	14751.70	165459	0	100
2022.03.28	14755.63	14994.34	14657.16	14980.60	176791	0	100
2022.03.29	14978.85	15265.33	14953.94	15219.60	170594	0	100
2022.03.30	15221.39	15257.47	15010.98	15101.80	168986	0	100
2022.03.31	15094.56	15177.41	14851.85	14912.80	165640	0	100
2022.04.01	14913.63	14953.00	14722.10	14846.90	168598	0	100
2022.04.04	14841.80	15170.99	14797.39	15153.00	150549	0	100
2022.04.05	15151.19	15190.74	14777.10	14855.60	153119	0	100
2022.04.06	14854.24	14854.36	14390.80	14488.80	178310	0	100
2022.04.07	14488.88	14627.45	14314.47	14528.10	177449	0	100
2022.04.08	14527.91	14634.49	14307.16	14327.20	167194	0	100
2022.04.11	14342.10	14366.93	13979.76	13998.40	182811	0	100
2022.04.12	14000.09	14279.31	13876.81	13948.50	189038	0	100
2022.04.13	13950.96	14259.51	13918.50	14206.30	175246	0	100
2022.04.14	14208.76	14290.60	13875.24	13891.10	168203	0	100
2022.04.18	13892.14	14000.25	13730.05	13964.50	153151	0	100
2022.04.19	13961.76	14237.14	13826.88	14093.30	174518	0	100
2022.04.20	14094.41	14292.91	13956.20	14067.80	181950	0	100
2022.04.21	14066.82	14276.66	13666.81	13713.20	180117	0	100
2022.04.22	13715.53	13776.25	13296.78	13310.80	194215	0	100
2022.04.25	13335.90	13548.05	13183.23	13524.20	213280	0	100
2022.04.26	13523.05	13581.08	12801.42	12816.90	189110	0	100
2022.04.27	12884.23	13253.34	12877.24	13169.40	222040	0	100
2022.04.28	13190.10	13539.30	13035.89	13307.10	198271	0	100
2022.04.29	13202.08	13431.83	12834.49	12891.90	201299	0	100
2022.05.02	12894.04	13083.60	12711.29	13052.50	211977	0	100
2022.05.03	13048.09	13183.00	12969.73	13120.70	192020	0	100
2022.05.04	13118.99	13555.26	12885.04	13496.50	168634	0	100
2022.05.05	13499.54	13546.92	12708.85	12901.30	184860	0	100
2022.05.06	12880.34	12928.51	12520.42	12666.40	211779	0	100
2022.05.09	12604.21	12637.57	12135.60	12205.80	204601	0	100
2022.05.10	12205.08	12546.10	12102.44	12329.60	206906	0	100
2022.05.11	12327.77	12552.11	11938.65	12009.00	199176	0	100
2022.05.12	11998.82	12129.62	11689.20	11874.80	219269	0	100
2022.05.13	11889.64	12430.26	11889.64	12362.10	186142	0	100
2022.05.16	12407.43	12496.50	12190.36	12234.80	194496	0	100
2022.05.17	12234.22	12575.74	12233.10	12572.50	174522	0	100
2022.05.18	12567.34	12588.32	11858.49	11892.20	176099	0	100
2022.05.19	11900.54	12071.11	11699.78	11895.30	210009	0	100
2022.05.20	11895.27	12093.37	11489.36	11835.80	188440	0	100
2022.05.23	11864.39	12072.02	11782.63	12053.00	191712	0	100
2022.05.24	11911.55	11911.55	11574.60	11808.70	190807	0	100
2022.05.25	11803.68	12028.27	11668.57	11886.60	190118	0	100
2022.05.26	11891.41	12340.97	11843.88	12254.40	173622	0	100
2022.05.27	12247.56	12717.46	12220.20	12714.90	165070	0	100
2022.05.30	12706.08	12881.23	12671.59	12810.68	93256	0	100
2022.05.31	12809.05	12823.93	12479.43	12653.50	195493	0	100
2022.06.01	12659.43	12820.87	12453.76	12546.90	179186	0	100
2022.06.02	12544.84	12899.04	12438.75	12894.50	173091	0	100
2022.06.03	12894.06	12941.42	12501.63	12547.80	168249	0	100
2022.06.06	12547.30	12807.02	12524.44	12603.30	166467	0	100
2022.06.07	12600.46	12735.05	12409.94	12677.30	171813	0	100
2022.06.08	12675.90	12778.54	12576.36	12616.60	169546	0	100
2022.06.09	12616.16	12723.11	12253.41	12295.60	171423	0	100
2022.06.10	12300.69	12336.79	11822.48	11859.00	157146	0	100
2022.06.13	11765.06	11768.81	11252.58	11330.50	179979	0	100
2022.06.14	11332.80	11501.75	11201.71	11330.00	191196	0	100
2022.06.15	11330.35	11756.42	11324.29	11591.80	189179	0	100
2022.06.16	11610.76	11733.84	11036.74	11171.30	200140	0	100
2022.06.17	11172.64	11360.40	11084.90	11271.90	216571	0	100
2022.06.20	11297.43	11401.42	11239.97	11384.15	106533	0	100
2022.06.21	11389.63	11638.63	11362.25	11545.00	163183	0	100
2022.06.22	11532.61	11710.00	11283.43	11507.60	177272	0	100
2022.06.23	11509.88	11731.17	11424.13	11651.90	188378	0	100
2022.06.24	11654.17	12112.15	11649.79	12098.40	161787	0	100
2022.06.27	12102.30	12226.31	11961.00	12041.00	176525	0	100
2022.06.28	12041.63	12140.25	11627.75	11646.80	170829	0	100
2022.06.29	11644.00	11713.00	11530.00	11656.90	174170	0	100
2022.06.30	11655.88	11661.50	11317.25	11482.30	181555	0	100
2022.07.01	11476.68	11598.25	11353.49	11583.50	185327	0	100
2022.07.04	11579.13	11588.88	11471.13	11522.95	87344	0	100
2022.07.05	11520.75	11786.63	11356.13	11781.00	180477	0	100
2022.07.06	11793.38	11943.32	11700.23	11872.50	180727	0	100
2022.07.07	11869.57	12136.97	11805.44	12089.30	158675	0	100
2022.07.08	12083.28	12181.15	11920.31	12131.80	168551	0	100
2022.07.11	12119.25	12119.25	11825.11	11875.90	155990	0	100
2022.07.12	11872.56	11998.56	11683.47	11749.90	172813	0	100
2022.07.13	11753.30	11935.11	11449.78	11702.30	180952	0	100
2022.07.14	11696.69	11804.59	11480.00	11777.50	182793	0	100
2022.07.15	11781.19	11992.82	11710.98	11990.60	162362	0	100
2022.07.18	12017.08	12158.98	11832.59	11887.50	156280	0	100
2022.07.19	11882.63	12297.92	11863.19	12289.40	151281	0	100
2022.07.20	12301.88	12489.97	12207.76	12399.50	163226	0	100
2022.07.21	12412.50	12628.20	12348.67	12545.30	170695	0	100
2022.07.22	12532.64	12673.33	12318.59	12401.30	154831	0	100
2022.07.25	12420.97	12472.83	12242.72	12300.80	152955	0	100
2022.07.26	12285.50	12308.12	12045.65	12171.80	142888	0	100
2022.07.27	12166.40	12665.75	12166.40	12556.20	148467	0	100
2022.07.28	12554.98	12924.88	12428.66	12902.00	157563	0	100
2022.07.29	12896.74	12984.99	12721.39	12955.80	153752	0	100
2022.08.01	12960.80	13085.95	12831.87	12958.50	151546	0	100
2022.08.02	12952.25	13075.53	12795.34	12900.80	164036	0	100
2022.08.03	12900.83	13289.16	12847.63	13226.90	154153	0	100
2022.08.04	13223.19	13332.57	13164.65	13308.60	150598	0	100
2022.08.05	13305.50	13361.39	13067.34	13196.60	145327	0	100
2022.08.08	13208.24	13398.72	13100.93	13190.60	150122	0	100
2022.08.09	13185.08	13212.31	12942.94	13033.40	144825	0	100
2022.08.10	13026.44	13385.19	12959.88	13359.20	139460	0	100
2022.08.11	13358.10	13553.56	13269.19	13326.00	148033	0	100
2022.08.12	13323.68	13563.28	13291.55	13559.10	131995	0	100
2022.08.15	13552.93	13684.90	13475.03	13659.00	129314	0	100
2022.08.16	13653.78	13721.47	13505.59	13645.60	133752	0	100
2022.08.17	13635.82	13648.43	13387.12	13491.10	150981	0	100
2022.08.18	13478.44	13555.70	13388.68	13519.00	141773	0	100
2022.08.19	13512.09	13512.09	13210.28	13232.30	139486	0	100
2022.08.22	13207.35	13207.35	12859.24	12915.50	144860	0	100
2022.08.23	12915.88	13001.15	12806.33	12872.30	150176	0	100
2022.08.24	12872.10	12996.36	12809.94	12941.00	142143	0	100
2022.08.25	12927.56	13147.09	12909.49	13132.00	139118	0	100
2022.08.26	13140.09	13205.92	12545.70	12548.10	149980	0	100
2022.08.29	12474.17	12598.55	12391.54	12494.90	174512	0	100
2022.08.30	12492.03	12646.19	12237.40	12351.40	162720	0	100
2022.08.31	12354.52	12501.39	12267.58	12295.40	163634	0	100
2022.09.01	12270.42	12288.24	12009.63	12282.30	180225	0	100
2022.09.02	12285.59	12453.25	12034.70	12124.30	170211	0	100
2022.09.05	12108.10	12161.89	12049.39	12126.52	92691	0	100
2022.09.06	12131.52	12238.52	11925.52	12014.50	172402	0	100
2022.09.07	12014.02	12298.28	11917.39	12256.60	164507	0	100
2022.09.08	12260.56	12375.16	12112.05	12343.80	164698	0	100
2022.09.09	12340.20	12610.39	12326.09	12589.00	129917	0	100
2022.09.12	12624.78	12770.31	12571.43	12769.40	139600	0	100
2022.09.13	12767.70	12887.92	12005.13	12046.00	152974	0	100
2022.09.14	12047.79	12170.75	11999.07	12169.10	173732	0	100
2022.09.15	12158.47	12185.27	11865.42	11898.10	158670	0	100
2022.09.16	11879.96	11887.90	11707.91	11886.90	162913	0	100
2022.09.19	11849.38	11992.22	11719.63	11972.07	152062	0	100
2022.09.20	11972.24	12018.12	11760.63	11879.30	150777	0	100
2022.09.21	11875.41	12067.15	11580.49	11596.60	160927	0	100
2022.09.22	11594.13	11727.47	11447.87	11503.40	189733	0	100
2022.09.23	11519.19	11535.64	11168.13	11326.10	178304	0	100
2022.09.26	11302.90	11474.73	11195.88	11252.80	201732	0	100
2022.09.27	11252.09	11505.08	11172.37	11291.60	184040	0	100
2022.09.28	11302.30	11547.12	11080.70	11476.90	205108	0	100
2022.09.29	11478.50	11499.10	11038.50	11177.60	195150	0	100
2022.09.30	11168.11	11297.34	10967.40	10999.00	201407	0	100
